Source,Meand13C,SDd13C,Meand15N,SDd15N,n
KLP,-14.80777178,0.576793647,9.45732114,0.470096418,13
PHYTO,-21.5477183,0.446984031,6.71334436,0.392842193,9
